{"TransformerAbs": {"0": 0.0, "1": 0.0, "2": 0.0, "3": 0.0, "4": 0.3333333333333333, "5": 0.0, "6": 0.0, "7": 0.0, "8": 0.0, "9": 0.0, "10": 0.0, "11": 0.0, "12": 0.0, "13": 0.5, "14": 0.0, "15": 0.0, "16": 0.0, "17": 0.0, "18": 0.0, "19": 0.0, "20": 0.0, "21": 0.0, "22": 0.0, "23": 0.0, "24": 0.0, "25": 0.0, "26": 0.0, "27": 0.25, "28": 0.5, "29": 0.0, "30": 0.0, "31": 0.0, "32": 0.0, "33": 0.25, "34": 0.0, "35": 0.0, "36": 0.0, "37": 0.25, "38": 0.25, "39": 0.0, "40": 0.25, "41": 0.5, "42": 0.0, "43": 0.3333333333333333, "44": 0.0, "45": 0.0, "46": 0.0, "47": 0.0, "48": 0.0, "49": 0.0, "50": 0.0, "51": 0.0, "52": 0.2, "53": 0.0, "54": 0.0, "55": 0.0, "56": 0.0, "57": 0.0, "58": 0.0, "59": 0.0, "60": 0.0, "61": 0.0, "62": 0.0, "63": 0.0, "64": 0.0, "65": 0.0, "66": 0.5, "67": 0.0, "68": 0.0, "69": 0.0, "70": 0.0, "71": 0.0, "72": 0.0, "73": 0.0, "74": 0.0, "75": 0.0, "76": 0.0, "77": 0.0, "78": 0.0, "79": 0.0, "80": 0.0, "81": 0.0, "82": 0.2, "83": 0.0, "84": 0.0, "85": 0.5, "86": 0.2857142857142857, "87": 0.0, "88": 0.0, "89": 0.0, "90": 0.0, "91": 0.3333333333333333, "92": 0.0, "93": 0.3333333333333333, "94": 0.0, "95": 0.0, "96": 0.0, "97": 0.0, "98": 0.0, "99": 0.0}, "ptgen": {"0": 0.3333333333333333, "1": 0.0, "2": 0.0, "3": 0.0, "4": 0.0, "5": 0.0, "6": 0.0, "7": 0.0, "8": 0.25, "9": 0.0, "10": 0.0, "11": 0.5, "12": 0.0, "13": 0.0, "14": 0.0, "15": 0.0, "16": 0.0, "17": 0.0, "18": 0.0, "19": 0.0, "20": 0.0, "21": 0.0, "22": 0.0, "23": 0.0, "24": 0.0, "25": 0.0, "26": 0.0, "27": 0.25, "28": 0.0, "29": 0.0, "30": 0.0, "31": 0.0, "32": 0.0, "33": 0.25, "34": 0.0, "35": 0.0, "36": 0.0, "37": 0.0, "38": 0.0, "39": 0.0, "40": 0.25, "41": 0.16666666666666666, "42": 0.0, "43": 0.3333333333333333, "44": 0.0, "45": 0.0, "46": 0.0, "47": 0.0, "48": 0.0, "49": 1.0, "50": 0.4, "51": 0.0, "52": 0.0, "53": 0.0, "54": 0.0, "55": 0.2, "56": 0.0, "57": 0.0, "58": 0.3333333333333333, "59": 0.0, "60": 0.0, "61": 0.0, "62": 0.0, "63": 0.0, "64": 0.0, "65": 0.0, "66": 0.25, "67": 0.0, "68": 0.0, "69": 0.0, "70": 0.0, "71": 0.0, "72": 0.0, "73": 0.0, "74": 0.0, "75": 0.0, "76": 0.0, "77": 0.0, "78": 0.0, "79": 0.0, "80": 0.0, "81": 0.0, "82": 0.0, "83": 0.0, "84": 0.0, "85": 0.0, "86": 0.0, "87": 0.0, "88": 0.0, "89": 0.0, "90": 0.3333333333333333, "91": 0.0, "92": 0.0, "93": 0.0, "94": 0.0, "95": 0.0, "96": 0.0, "97": 0.0, "98": 0.0, "99": 0.0}, "fast-abs-rl": {"0": 0.0, "1": 0.0, "2": 0.0, "3": 0.0, "4": 0.0, "5": 0.0, "6": 0.0, "7": 0.0, "8": 0.0, "9": 0.0, "10": 0.0, "11": 0.5, "12": 0.0, "13": 0.0, "14": 0.25, "15": 0.0, "16": 0.0, "17": 0.0, "18": 0.0, "19": 0.0, "20": 0.0, "21": 0.0, "22": 0.0, "23": 0.0, "24": 0.0, "25": 0.0, "26": 0.0, "27": 0.25, "28": 0.16666666666666666, "29": 0.0, "30": 0.0, "31": 0.0, "32": 0.0, "33": 0.0, "34": 0.0, "35": 0.0, "36": 0.0, "37": 0.25, "38": 0.0, "39": 0.0, "40": 0.25, "41": 0.0, "42": 0.5, "43": 0.3333333333333333, "44": 0.25, "45": 0.0, "46": 0.0, "47": 0.0, "48": 0.0, "49": 0.0, "50": 0.2, "51": 0.0, "52": 0.0, "53": 0.0, "54": 0.0, "55": 0.2, "56": 0.0, "57": 0.0, "58": 0.0, "59": 0.0, "60": 0.0, "61": 0.0, "62": 0.0, "63": 0.0, "64": 0.0, "65": 0.0, "66": 0.5, "67": 0.0, "68": 0.0, "69": 0.0, "70": 0.0, "71": 0.0, "72": 0.2, "73": 0.0, "74": 0.0, "75": 0.0, "76": 0.0, "77": 0.0, "78": 0.0, "79": 0.0, "80": 0.0, "81": 0.0, "82": 0.0, "83": 0.0, "84": 0.0, "85": 0.25, "86": 0.2857142857142857, "87": 0.0, "88": 0.0, "89": 0.0, "90": 0.0, "91": 0.3333333333333333, "92": 0.4, "93": 0.0, "94": 0.0, "95": 0.0, "96": 0.0, "97": 0.0, "98": 0.0, "99": 0.0}, "facebook-bart-large": {"0": 0.3333333333333333, "1": 0.16666666666666666, "2": 0.0, "3": 0.0, "4": 0.3333333333333333, "5": 0.0, "6": 0.5, "7": 0.0, "8": 0.0, "9": 0.0, "10": 0.0, "11": 0.5, "12": 0.14285714285714285, "13": 0.5, "14": 0.5, "15": 0.5, "16": 0.25, "17": 0.0, "18": 0.5, "19": 0.0, "20": 0.0, "21": 0.0, "22": 0.14285714285714285, "23": 0.4, "24": 0.0, "25": 0.6666666666666666, "26": 0.0, "27": 0.125, "28": 0.3333333333333333, "29": 0.0, "30": 0.0, "31": 0.25, "32": 0.0, "33": 0.25, "34": 0.0, "35": 0.0, "36": 0.14285714285714285, "37": 0.25, "38": 0.0, "39": 0.0, "40": 0.25, "41": 0.16666666666666666, "42": 0.0, "43": 0.6666666666666666, "44": 0.5, "45": 0.5, "46": 0.0, "47": 0.5, "48": 0.6666666666666666, "49": 1.0, "50": 0.4, "51": 0.5, "52": 0.0, "53": 0.2, "54": 0.0, "55": 0.2, "56": 0.25, "57": 0.26666666666666666, "58": 0.6666666666666666, "59": 1.0, "60": 0.3333333333333333, "61": 0.0, "62": 0.0, "63": 0.0, "64": 0.5, "65": 0.3333333333333333, "66": 0.75, "67": 0.0, "68": 0.5, "69": 0.0, "70": 0.3333333333333333, "71": 0.0, "72": 0.0, "73": 0.0, "74": 0.5, "75": 0.16666666666666666, "76": 0.3333333333333333, "77": 0.3333333333333333, "78": 0.0, "79": 0.0, "80": 0.0, "81": 0.0, "82": 0.0, "83": 0.0, "84": 0.0, "85": 0.5, "86": 0.14285714285714285, "87": 0.5, "88": 0.0, "89": 0.6666666666666666, "90": 0.6666666666666666, "91": 0.3333333333333333, "92": 0.8, "93": 0.3333333333333333, "94": 0.0, "95": 0.5, "96": 0.2, "97": 0.0, "98": 0.0, "99": 0.0}, "t5-large": {"0": 0.3333333333333333, "1": 0.0, "2": 0.0, "3": 0.75, "4": 0.3333333333333333, "5": 0.5, "6": 0.0, "7": 0.0, "8": 0.5, "9": 0.0, "10": 0.0, "11": 0.5, "12": 0.0, "13": 0.0, "14": 0.25, "15": 0.0, "16": 0.0, "17": 0.0, "18": 0.5, "19": 0.5, "20": 0.25, "21": 0.0, "22": 0.2857142857142857, "23": 0.2, "24": 0.0, "25": 0.6666666666666666, "26": 0.0, "27": 0.25, "28": 0.3333333333333333, "29": 0.0, "30": 0.0, "31": 0.25, "32": 0.0, "33": 0.25, "34": 0.0, "35": 0.0, "36": 0.0, "37": 0.25, "38": 0.0, "39": 0.0, "40": 0.25, "41": 0.5, "42": 0.0, "43": 0.6666666666666666, "44": 0.0, "45": 0.5, "46": 0.0, "47": 0.25, "48": 0.3333333333333333, "49": 1.0, "50": 0.2, "51": 0.0, "52": 0.2, "53": 0.2, "54": 0.0, "55": 0.2, "56": 0.5, "57": 0.13333333333333333, "58": 0.3333333333333333, "59": 1.0, "60": 0.6666666666666666, "61": 0.0, "62": 0.0, "63": 0.25, "64": 0.5, "65": 0.0, "66": 0.75, "67": 0.0, "68": 1.0, "69": 0.0, "70": 0.3333333333333333, "71": 0.0, "72": 0.2, "73": 0.25, "74": 0.5, "75": 0.16666666666666666, "76": 0.0, "77": 0.0, "78": 0.0, "79": 0.25, "80": 0.0, "81": 0.2, "82": 0.2, "83": 0.0, "84": 0.0, "85": 0.25, "86": 0.2857142857142857, "87": 0.0, "88": 0.0, "89": 0.3333333333333333, "90": 0.0, "91": 0.3333333333333333, "92": 0.6, "93": 0.3333333333333333, "94": 0.0, "95": 0.25, "96": 0.0, "97": 0.0, "98": 0.3333333333333333, "99": 0.0}, "BertSumExtAbs": {"0": 0.0, "1": 0.0, "2": 0.0, "3": 0.25, "4": 0.6666666666666666, "5": 0.3333333333333333, "6": 0.0, "7": 0.0, "8": 0.25, "9": 0.0, "10": 0.0, "11": 0.0, "12": 0.14285714285714285, "13": 0.0, "14": 0.0, "15": 0.0, "16": 0.0, "17": 0.0, "18": 0.0, "19": 0.0, "20": 0.0, "21": 0.0, "22": 0.0, "23": 0.0, "24": 0.0, "25": 0.3333333333333333, "26": 0.0, "27": 0.25, "28": 0.0, "29": 0.0, "30": 0.0, "31": 0.25, "32": 0.0, "33": 0.0, "34": 0.0, "35": 0.0, "36": 0.0, "37": 0.25, "38": 0.0, "39": 0.0, "40": 0.25, "41": 0.16666666666666666, "42": 0.0, "43": 0.3333333333333333, "44": 0.25, "45": 0.25, "46": 0.0, "47": 0.0, "48": 0.0, "49": 0.0, "50": 0.6, "51": 0.0, "52": 0.2, "53": 0.0, "54": 0.0, "55": 0.0, "56": 0.25, "57": 0.13333333333333333, "58": 0.6666666666666666, "59": 0.0, "60": 0.0, "61": 0.0, "62": 0.0, "63": 0.0, "64": 0.0, "65": 0.0, "66": 0.5, "67": 0.0, "68": 1.0, "69": 0.0, "70": 0.0, "71": 0.0, "72": 0.0, "73": 0.0, "74": 0.5, "75": 0.6666666666666666, "76": 0.0, "77": 0.0, "78": 0.0, "79": 0.5, "80": 0.0, "81": 0.0, "82": 0.2, "83": 0.0, "84": 0.0, "85": 0.25, "86": 0.14285714285714285, "87": 0.0, "88": 0.0, "89": 0.6666666666666666, "90": 0.3333333333333333, "91": 0.3333333333333333, "92": 0.0, "93": 0.3333333333333333, "94": 0.0, "95": 0.0, "96": 0.0, "97": 0.0, "98": 0.0, "99": 0.0}, "google-pegasus": {"0": 0.3333333333333333, "1": 0.3333333333333333, "2": 0.3333333333333333, "3": 0.5, "4": 0.3333333333333333, "5": 0.5, "6": 0.5, "7": 0.0, "8": 0.25, "9": 0.0, "10": 0.0, "11": 0.5, "12": 0.14285714285714285, "13": 0.5, "14": 0.5,